[
  {
    "id": 1,
    "title": "Rahim Bayaran",
    "genre": ["Drama", "Keluarga"],
    "rating": 4.7,
    "year": 2023,
    "description": "Film yang menceritakan tentang seorang wanita yang menyewakan rahimnya untuk pasangan yang tidak bisa memiliki anak, namun kemudian menghadapi dilema moral dan emosional.",
    "poster": "movie1.jpg",
    "videoUrl": "https://example.com/videos/rahim_bayaran.mp4",
    "duration": "118 menit",
    "trending": true,
    "hasEpisodes": false
  },
  {
    "id": 2,
    "title": "Ketua BEM and His Secret Wife",
    "genre": ["Drama", "Romantis", "Kampus"],
    "rating": 4.5,
    "year": 2023,
    "description": "Kisah cinta tersembunyi antara ketua BEM kampus yang populer dengan seorang mahasiswi sederhana yang ternyata sudah menjadi istrinya secara diam-diam.",
    "poster": "movie2.jpg",
    "videoUrl": "https://example.com/videos/ketua_bem.mp4",
    "duration": "125 menit",
    "trending": true,
    "hasEpisodes": true
  },
  {
    "id": 3,
    "title": "Tulah",
    "genre": ["Horor", "Misteri"],
    "rating": 4.6,
    "year": 2024,
    "description": "Film horor tentang sekelompok remaja yang mengalami kejadian-kejadian aneh setelah bermain-main dengan ritual kuno. Mereka harus menghadapi kutukan yang mengancam jiwa mereka.",
    "poster": "movie3.jpg",
    "videoUrl": "https://example.com/videos/tulah.mp4",
    "duration": "110 menit",
    "trending": true,
    "hasEpisodes": false
  },
  {
    "id": 4,
    "title": "Botting (Pengantin)",
    "genre": ["Drama", "Budaya", "Romantis"],
    "rating": 4.3,
    "year": 2022,
    "description": "Film yang menceritakan tradisi pernikahan di Sulawesi Selatan dengan sentuhan modern. Mengisahkan perjuangan seorang wanita muda dalam menjalani ritual dan ekspektasi dari keluarga besar.",
    "poster": "movie4.jpg",
    "videoUrl": "https://example.com/videos/botting.mp4",
    "duration": "115 menit",
    "trending": false,
    "hasEpisodes": false
  },
  {
    "id": 5,
    "title": "Cinta Suci Romeo",
    "genre": ["Drama", "Romantis", "Musikal"],
    "rating": 4.8,
    "year": 2024,
    "description": "Adaptasi modern dari kisah klasik Romeo dan Juliet yang berlatar di dua keluarga musisi dengan aliran musik yang berbeda. Perpaduan drama romantis dengan unsur musikal yang kuat.",
    "poster": "movie5.jpg",
    "videoUrl": "https://example.com/videos/cinta_suci_romeo.mp4",
    "duration": "132 menit",
    "trending": true,
    "hasEpisodes": false
  }
]